Conditions,Condition_ImpactFactor
Heavy Traffic,33.24250645994832
Normal,23.137619853355893
Rain,28.150383141762454
Road Works,29.718489583333334
