Method,Method_AvgDuration
Bike,16.15915750915751
Drive,28.81963963963964
Public Transport,35.574327956989244
Rideshare,26.005200000000002
Walk,14.428514056224898
