City,City_AvgDuration,City_StdDuration,City_AvgDistance
Makati,19.16811224489796,7.191457175298033,4.984186109832358
Mandaluyong,18.31970649895178,8.28499373270767,5.009457556747492
Manila,36.99933333333333,14.262429840428522,4.859876472414788
Quezon City,31.634144144144145,12.472022226129218,4.910904773034432
Taguig,23.00015873015873,9.950691563954079,5.008458200467745
