Conditions,Condition_ImpactFactor,Condition_AvgTravelTime
Heavy Traffic,33.24250645994832,41.74182226698903
Normal,23.137619853355893,20.669588718236373
Rain,28.150383141762454,31.106305108385097
Road Works,29.718489583333334,18.984007387182658
