Method,Method_AvgDuration,Method_AvgTravelTime
Bike,16.15915750915751,25.423394652613812
Drive,28.81963963963964,13.049384347410685
Public Transport,35.574327956989244,19.44056089600975
Rideshare,26.005200000000002,18.385165683120736
Walk,14.428514056224898,76.17551903638397
